image_name,label,time
39986d2aafdaddcc.jpg,sea_lion,70
f92739eae09cb732.jpg,scabbard,144
32cee06e984fc20b.jpg,bottlecap,73
395bd78fd211987f.jpg,beach_wagon,27
5d0731438606392b.jpg,projector,150
b7f0609738220d71.jpg,ram,50
c60e4afce27cf5dd.jpg,basketball,13
546873f48b8d73d0.jpg,velvet,51
1845e3e71e482d62.jpg,grille,48
ba0601c7c27342b1.jpg,geyser,20
4eb2de34e6b5682a.jpg,water_bottle,14
6b60bdb7a20fdb6f.jpg,stage,125
0846bbc1d5a2dbb9.jpg,mixing_bowl,80
9deffd8aae85b4da.jpg,sea_slug,144
46c1390d3428c558.jpg,suspension_bridge,59
589f3f2330be6360.jpg,comic_book,150
0665ce3a2191b2d6.jpg,gown,78
08dcdcc74cbe4e21.jpg,shower_curtain,18
a4ee37eb653039af.jpg,swab,40
eb782c3fc6500a9b.jpg,West_Highland_white_terrier,150
e3e8edb37006191d.jpg,marimba,117
02968452eb79fceb.jpg,bubble,109
dfd78c3452d62ede.jpg,stretcher,64
36997dca1fb0a099.jpg,poncho,110
6ce9abff2ba3648b.jpg,bookshop,16
5019995626f38d53.jpg,hair_slide,77
0d3df1918b95b242.jpg,Dutch_oven,54
f3ac2b5ac63de96f.jpg,crossword_puzzle,21
ab09482198d41a86.jpg,Great_Dane,150
a3b8c727f2f65268.jpg,scuba_diver,31
fa524f67c07df3b0.jpg,bubble,21
57d383403e455096.jpg,pomegranate,20
759b28953392325a.jpg,volleyball,37
ed0246b52b908177.jpg,plate,45
1fe13e4910edf386.jpg,grille,38
559d8e5fc5baec5d.jpg,daisy,25
0399ac6d4a9e909a.jpg,washbasin,150
e11ecec03ee1db9f.jpg,breastplate,94
4ee4878a39f3b30a.jpg,airship,13
c040bf846de9fda9.jpg,soup_bowl,111
5a82e818872f4e90.jpg,pot,19
db6a2df3b6d0a40a.jpg,running_shoe,150
f02115477db7569f.jpg,paddle,21
256fe0d6df113010.jpg,tennis_ball,60
bda7a1f4f6e9c5aa.jpg,lifeboat,135
2ed79f2f3c6f036e.jpg,wall_clock,150
09430e8bf5e2dc8e.jpg,sleeping_bag,126
bcddcac780ec2430.jpg,mailbag,31
e8abbb95e440219c.jpg,spotlight,26
5a9030d695296f56.jpg,greenhouse,29
040b79a3e1b2caca.jpg,swing,150
1aa34c192bdcde36.jpg,sports_car,18
b86e369ed35832f8.jpg,warplane,35
8623a29a54a19e3e.jpg,broccoli,25
6d589f834c547d0c.jpg,rugby_ball,63
be7140a2c9276434.jpg,balloon,64
2409d5d183ffa37b.jpg,space_bar,18
3668e057418486c4.jpg,tractor,104
4e77b644e00bbc41.jpg,swab,16
db2d14ab364e5410.jpg,hip,135
9fb1df7e91770e42.jpg,bison,14
e15f003309e97171.jpg,groom,21
cbc4943d1fb57f32.jpg,mixing_bowl,150
9a22052434795ece.jpg,geyser,13
f12e44c2e1eaa369.jpg,sports_car,23
bb8a296a4a0ef4af.jpg,coral_fungus,150
dbaf9ab0604e3568.jpg,torch,150
6d2a9f74233d4744.jpg,mixing_bowl,133
dcc2d2329d57e864.jpg,wig,72
b97fcc4189592277.jpg,can_opener,150
5d6f9921716b3c40.jpg,cab,37
762dcfe9c738426b.jpg,custard_apple,18
74cc7fd3b2a04cdf.jpg,bucket,42
724c133a5e4c1157.jpg,German_short-haired_pointer,51
17edc59d46dca956.jpg,buckle,43
a259b1c1291bc60a.jpg,jellyfish,150
7a5cc3828fcfe7e2.jpg,pineapple,14
9f7e3886ad82f684.jpg,folding_chair,121
413b85ed4de93ca3.jpg,picket_fence,89
49c790cd67784895.jpg,drilling_platform,150
124ff6a7ce6f2aef.jpg,mask,20
36e393d3a35a7bf0.jpg,packet,150
15d2a2db1489a896.jpg,beach_wagon,44
fce9884110fb4c0a.jpg,punching_bag,51
08b6978e96007bfe.jpg,cougar,44
3942b1b9876850d2.jpg,pickup,17
6be181d69fd527bf.jpg,diaper,150
11302155edd46734.jpg,corkscrew,122
c64484e380b1c5e9.jpg,necklace,150
420f27d20c441e7f.jpg,velvet,19
3f6c4b1460d0a9ba.jpg,cloak,56
d09043a51449ed35.jpg,gong,118
a1b6467cab393199.jpg,convertible,39
3b6ad7a035027cb1.jpg,shower_cap,87
f8bdab9f6d59adc5.jpg,coral_reef,72
8cb0652611a37662.jpg,indigo_bunting,68
75febe8d08161943.jpg,coral_reef,38
6665bf915f9a1daa.jpg,dough,34
a11c625d2dc0e82d.jpg,swing,33
b2cea0941bcee733.jpg,jay,150
6f170f391f7aeb78.jpg,ox,150
e3f5b59c319582a4.jpg,bee,70
76836a45b9b0263d.jpg,limousine,51
a49eaea828ceff66.jpg,sports_car,21
a9bc66ba7f6379d2.jpg,sports_car,42
1f2fd232a8c16e9f.jpg,Model_T,14
9158e756c652a199.jpg,sports_car,47
136c227b9143bfcd.jpg,racer,58
dfdbf48e800557f4.jpg,beach_wagon,118
6fbc73ab9de3d0e4.jpg,sports_car,35
fce9884110fb4c0a.jpg,punching_bag,41
58f90a028eefc1c5.jpg,minibus,55
dd0d394420914551.jpg,stretcher,150
91d9d25aadcf9526.jpg,king_crab,87
0a8ef573281c5f2d.jpg,anemone_fish,59
09f749457cedfbd4.jpg,airliner,13
100c3ed79f108ccd.jpg,beach_wagon,49
cc27bc2c0280dae6.jpg,palace,150
d3631d11cdb72ea8.jpg,vault,21
b67326ffe2431e17.jpg,bee,40
d1c5ea74186f7a1c.jpg,crane,150
2321cb94da9d0557.jpg,African_elephant,150
f2cb4c6c0fb972a6.jpg,seashore,39
a7198a0578ba3887.jpg,pineapple,13
b4f8c08bcf56ef9a.jpg,cardoon,29
2fbd2661306abfd6.jpg,screw,150
2bac4cbaa3859a6b.jpg,hermit_crab,150
9070f9c5da2f1626.jpg,stage,150
91acda21acab327f.jpg,mitten,86
f7b80593eac7b08e.jpg,perfume,52
f622ef441344768b.jpg,brass,150
aad299f18b74cad2.jpg,baseball,103
b02573bc42ac8d79.jpg,cassette,17
96be9fc873609886.jpg,cairn,52
1a510729ce7b3a47.jpg,bucket,150
b1db4ef0e9518a12.jpg,jellyfish,40
da6f2488fe2b7430.jpg,pool_table,15
d435e03b2f2364c8.jpg,killer_whale,50
81bc2d181544ccbd.jpg,yawl,42
6ae2c17182cb0631.jpg,Model_T,54
8b71f5a78d0f2fe7.jpg,studio_couch,43
a2d0287ab2de8f2f.jpg,standard_poodle,30
4ea3986df3da0e9c.jpg,beach_wagon,26
fc6311f059fbb436.jpg,crane,26
f2c8ad926ed85dfa.jpg,hen-of-the-woods,14
8f8fdc36156c0254.jpg,ptarmigan,25
2a5a7b50e0beff80.jpg,cucumber,54
b1911291c750ca5e.jpg,mask,35
4ed5262bf691bba2.jpg,paddle,16
0746a91524220f3c.jpg,bathing_cap,96
3efba59b2c49e74b.jpg,keeshond,21
4571946d5499d8f9.jpg,milk_can,150
c9649104ae5128ab.jpg,racer,19
70ff58bda7bd2dac.jpg,paddle,60
05373b7f9363f1b5.jpg,terrapin,29
aa5439cbe81b0e2e.jpg,plate,42
3ea8f7903bdcb067.jpg,kimono,150
f31ee2c08f827c53.jpg,breastplate,150
fe002076b6429962.jpg,wooden_spoon,59
94f889267ab5ac20.jpg,bow_tie,126
4c8cfad96ace11c5.jpg,suit,94
7ca4cea45914a82c.jpg,oxygen_mask,92
9689218d02d444bf.jpg,packet,150
08955b217ed540d0.jpg,ballplayer,55
62ce27b2fca7ec3c.jpg,sports_car,23
43f52d7376ae2953.jpg,matchstick,24
75fb349b57aabdf7.jpg,plate,86
ef02311c72995cb0.jpg,apiary,20
76ad1abdb9e0c0d8.jpg,pot,141
271b9250f740b9be.jpg,tiger_beetle,42
8826bd678bf37e07.jpg,cowboy_boot,69
be35e69b70a7560c.jpg,Labrador_retriever,24
6e7ffb832600068f.jpg,guinea_pig,38
21cd4f34a2b20805.jpg,military_uniform,32
441d4b4e5ab89ada.jpg,centipede,15
6535aa7047d9b94e.jpg,coffee_mug,46
2b22f65e0ec07063.jpg,convertible,41
fd499ad4acc29fad.jpg,lab_coat,97
35a28b580bec9ad2.jpg,Border_collie,89
a6372beec3c21c22.jpg,washer,13
745653fc0559e1c7.jpg,parking_meter,99
8d61083ee274c9a5.jpg,water_jug,113
98e7f08ef3f18dc3.jpg,triumphal_arch,94
3b17679205c0d971.jpg,vault,14
c98c904332307409.jpg,leaf_beetle,44
6aba33edb9fe95cb.jpg,kimono,16
1a9c4f52ebff6c5c.jpg,medicine_chest,30
17cceae78dbeff46.jpg,beach_wagon,40
453d8c423d9eff0b.jpg,hay,59
1557b56b0a01ceea.jpg,beach_wagon,23
4d95b874bc7801ef.jpg,harp,15
86a18836b1ce3d52.jpg,sleeping_bag,150
923238cd389d9c87.jpg,shopping_cart,119
8f035438ba993efd.jpg,half_track,25
4f7b105622fbf39f.jpg,sports_car,32
20939105f0d86b8e.jpg,nematode,41
0aafd56342598e33.jpg,pinwheel,150
5857fc9b37a2d4f1.jpg,pickup,51
e84f6994de427de9.jpg,brassiere,42
a6d7562694eba880.jpg,studio_couch,18
97c7a26a57855066.jpg,cab,62
b5178583279dc5c4.jpg,barrel,150
2a045fed4aba4b7e.jpg,breastplate,150
711aded625e758ab.jpg,electric_ray,150
9048c35bb5b1026e.jpg,pot,150
6aa67b4aef29c578.jpg,cab,129
a815f22542fa4a1d.jpg,bolete,32
561dddeb34d7808a.jpg,sports_car,21
d30a4e809365bf8d.jpg,warplane,21
b73821d6f8079cee.jpg,file,18
3cda0465567e2c93.jpg,pinwheel,150
ad1ae5a28af5be5e.jpg,dowitcher,30
9690d5ee4e417ee0.jpg,greenhouse,118
b9ae8a9fa3e24219.jpg,warplane,35
9d54a5fb357da4d1.jpg,peacock,41
6a5656047a7f469c.jpg,conch,150
2bb1f6b68b8be658.jpg,ant,150
e7c6bd573b89770a.jpg,monarch,22
de599a2444a3aef6.jpg,ski_mask,132
97ea4e24260a5913.jpg,velvet,71
1c0ce53a46c95019.jpg,suspension_bridge,33
5a395a5b1773174c.jpg,rocking_chair,150
ff81426d24251fc7.jpg,book_jacket,43
a4216731337df7f6.jpg,nematode,49
724651713fd1ac8f.jpg,violin,150
330cc6d167b6399f.jpg,pickup,62
c9d0358ace041f3d.jpg,rule,38
95522fb68574d89d.jpg,paintbrush,150
9e271a99c5b40ccb.jpg,reel,46
0bdada492e85aa0e.jpg,American_black_bear,23
09971b21120d03d7.jpg,reflex_camera,26
98767c12b47224bb.jpg,beach_wagon,46
2173c18139971b68.jpg,ice_cream,34
5a12f482fa8e6d9d.jpg,water_bottle,30
878459e2af3454e7.jpg,lynx,29
76c498327c03d528.jpg,chest,150
de66a8d680bcfcbc.jpg,redshank,27
810f34aa54614702.jpg,pelican,14
0110e8ec47d60bda.jpg,football_helmet,38
a0016e31f44348ee.jpg,academic_gown,97
4ed347157995dab4.jpg,palace,62
fc1e3fc8cdf41528.jpg,Crock_Pot,115
c0a7e2c6e2180732.jpg,stage,16
e46556ac872c8a36.jpg,sports_car,38
df5671a515282b5a.jpg,rubber_eraser,74
7b0717afdfa2f59b.jpg,mink,47
e21101016d5f7c70.jpg,convertible,46
b71a63b9c3a6bde3.jpg,cup,15
692a625ef8a209a6.jpg,minivan,35
c4ecae1bbc91cb00.jpg,rubber_eraser,50
53e3a036a2440629.jpg,pinwheel,57
3cb406de4fb5a98a.jpg,ice_lolly,33
c4aab341075446d1.jpg,Windsor_tie,150
a5a88c297bcdc60e.jpg,bee,150
f806f98af1f2a991.jpg,dung_beetle,59
4a739a8c00a6ef4f.jpg,beach_wagon,32
b5f8f21bb072f288.jpg,plate,82
010006993a980b92.jpg,water_bottle,63
c9add600c6f8b5e9.jpg,web_site,150
c0f22c479493ca26.jpg,microwave,46
ab570955ac5626c8.jpg,Gordon_setter,150
88ccba7a13b46f1a.jpg,go-kart,80
e37c468b1f0a5be1.jpg,jellyfish,135
be7785f6944f3b51.jpg,car_wheel,64
10974012e07247a5.jpg,sea_cucumber,33
3c306d9620275548.jpg,stove,29
e01842dd6a97ab15.jpg,indigo_bunting,29
2afbe79b8cfc6da0.jpg,king_penguin,13
97214450505ca1e7.jpg,jellyfish,131
37bd7968b9c82953.jpg,sea_cucumber,150
3cdcbdb511866bfe.jpg,meerkat,21
59e74ea482baaeef.jpg,groenendael,16
5637a75b752d1621.jpg,sports_car,25
ee7e411a8e6ff978.jpg,flagpole,38
cf0f429c9732eac7.jpg,saltshaker,150
db5bc9764d4a9a8b.jpg,stage,98
62ea1e22bc922d65.jpg,head_cabbage,31
7efb2bb8039d939f.jpg,tray,59
b52a8bc0c4b7ab72.jpg,minivan,70
180c058f8d6d65ac.jpg,toyshop,51
a22d275745fd866d.jpg,minivan,84
2ecdca620c006a00.jpg,wool,99
dd3b0cbb2f167849.jpg,conch,150
20e4ac8de5e81a2e.jpg,mashed_potato,130
07f835767ca3fdf8.jpg,Madagascar_cat,17
85b6bed0e627d1d3.jpg,cabbage_butterfly,87
66f20e4bd612bf2f.jpg,pole,95
060f0fcdef2a8917.jpg,safe,140
e5a7665b97c01a4d.jpg,squirrel_monkey,150
78026192bdabd787.jpg,plate,150
532014a8b5f1f19c.jpg,Loafer,50
6e44f722ad3f90d7.jpg,grille,49
8e5412c133a81825.jpg,swimming_trunks,35
4eef673bf5f0cd9a.jpg,cheeseburger,45
044e531b8a0f9585.jpg,borzoi,16
00faa3c80e7aa721.jpg,zucchini,68
644c8ffd3533a613.jpg,garbage_truck,29
35edcb293c16aac3.jpg,church,94
d63ff6c5b718f40a.jpg,prayer_rug,47
feec3ad1dd8a5b1f.jpg,accordion,150
99782547543c403b.jpg,wreck,64
7188bf41b43dfd01.jpg,French_bulldog,16
afb60365b3762668.jpg,web_site,150
e561f1ed5326c2db.jpg,sports_car,150
5c9f2289a4cd66c1.jpg,axolotl,150
b5b3d227ff93705d.jpg,ibex,60
b91683f849eeabe8.jpg,shield,99
40abb6ed6d7eca9a.jpg,jay,33
4717278bb7a2bc02.jpg,convertible,50
d0a0ed98e1504bab.jpg,sports_car,32
3692da33dbc79bfc.jpg,boa_constrictor,31
bfdd6882ded581e5.jpg,swing,150
65eb94eb2e4c6830.jpg,hummingbird,24
888adad3e55ecd62.jpg,tusker,21
85a00d46415747f6.jpg,Weimaraner,67
2d833e8ce216aa87.jpg,abacus,150
101868ede49d876b.jpg,bicycle-built-for-two,84
3ca22df648943609.jpg,lynx,19
d3f2a977c57dc3de.jpg,pinwheel,98
57cdac2c9f284a2f.jpg,comic_book,128
09d7d9ccb88731ca.jpg,stage,55
a6e7b348ca481bf5.jpg,rock_beauty,23
b9ca5ce9d7bb4161.jpg,American_alligator,150
f4dac2d03236ab56.jpg,dock,45
f2fce7db4745bfdb.jpg,ballplayer,27
49b0024712346cc5.jpg,pedestal,55
22960fd608129a2f.jpg,cocktail_shaker,43
26221d8a54fab01d.jpg,radiator,20
6086703a844cc9e0.jpg,ice_lolly,150
ad6cb5e1b49dcad3.jpg,plate,44
7c1bbfbb420b25ef.jpg,guinea_pig,83
e9fcd976c1568d2b.jpg,cabbage_butterfly,150
ac6d79efa117028a.jpg,iPod,85
2f5ba7258ead42a4.jpg,window_shade,26
a7062571839542f3.jpg,wombat,150
b051ea9e8d1a4e84.jpg,mortarboard,96
157d702110fd578b.jpg,dugong,90
f3cf5e0d65d1167d.jpg,loudspeaker,132
20680ed0b1432b10.jpg,syringe,18
74b82907fdcce1c8.jpg,racer,15
d0ffe5e461379799.jpg,moped,13
aef7f7e7c2e990a6.jpg,eel,150
f5654a5e9764302d.jpg,mask,53
b23d87c158991a05.jpg,hoopskirt,26
62b4af8fb44db2ff.jpg,magnetic_compass,17
06f8586e5e847ab3.jpg,schipperke,150
cfcec5122028a3ff.jpg,slot,40
76e7f345915537c7.jpg,vault,150
a5cc6d2e9ade4286.jpg,radio_telescope,15
3869dd2b281f34fb.jpg,scorpion,13
81b41db826312a66.jpg,wine_bottle,42
30635c36d1c05fc2.jpg,electric_guitar,14
ad27f0ba04fb5120.jpg,pinwheel,150
36cb9b0c5a930f0b.jpg,rain_barrel,150
8bba8dcb0de98f6c.jpg,ice_cream,30
cd37b4cff01abf76.jpg,library,20
fbeff016eba1e63a.jpg,minivan,20
e1d10f0a3cb55abb.jpg,Irish_wolfhound,66
0089c6ac3b16abd3.jpg,spider_web,136
4032d155485f2283.jpg,Chihuahua,34
f54043ace4c440ca.jpg,limousine,38
2f31d478475707ff.jpg,handkerchief,150
c030f713b2e87583.jpg,folding_chair,150
ea0dc9e6742ec0d9.jpg,rotisserie,73
465e66c4e11c3f62.jpg,slug,143
25f9f48bf5151f37.jpg,book_jacket,38
b2765c8fdff4fe4b.jpg,stingray,74
a95502647ac538ca.jpg,cliff,47
da89795a5372869e.jpg,convertible,40
40dfe24abde20525.jpg,water_bottle,33
182edfabe72c2d5f.jpg,soup_bowl,93
29a5bd1c5b838fbf.jpg,polecat,52
02500399435a284f.jpg,pot,38
9073dbc65af920da.jpg,fountain,150
48f16618c2da88ff.jpg,jay,36
c8438dedd7df9ddd.jpg,head_cabbage,44
6f711dc516dd77b2.jpg,American_black_bear,150
428d73b09809e429.jpg,bicycle-built-for-two,30
8c4b004b197ec9d2.jpg,swab,32
dfde16c1978ef38d.jpg,football_helmet,34
6d896d1a03891415.jpg,daisy,69
68d7eafe0febd706.jpg,cab,40
ca6240757a5f86c1.jpg,American_Staffordshire_terrier,150
40ba97198d0786f1.jpg,grille,21
89c6d8208f281215.jpg,king_penguin,17
6025da5b65ad8d5e.jpg,schipperke,39
ab92fb536e19765f.jpg,bannister,91
3637c43fc1b877d2.jpg,street_sign,150
0896cabb5ce7a20a.jpg,grey_whale,91
25ee3d8a856edd3c.jpg,lighter,30
06de6c4d3f9669e3.jpg,horse_cart,98
e5d0668bd2fc8558.jpg,bagel,32
bb8c422fab4dcbd1.jpg,plastic_bag,150
b82a32c491ca244f.jpg,desk,150
aadf251fb52b8aa2.jpg,sulphur-crested_cockatoo,14
878448fdcdb6a95c.jpg,car_wheel,42
c9d3fe75de97f964.jpg,pot,150
015270b83d676de0.jpg,book_jacket,42
542785786a0e96da.jpg,plastic_bag,55
7913a8ab31c58d38.jpg,pier,18
59ceb630665f7758.jpg,puck,13
92cf3c67e41f7093.jpg,Pekinese,18
c8d6a400e10d4296.jpg,park_bench,150
b3432e8a1ab216ae.jpg,goblet,150
eee5edc5efdd9215.jpg,car_wheel,51
6c5d1d44e6a4e2c5.jpg,crayfish,17
84c52f8f69dabaa0.jpg,beach_wagon,15
ad18b377814ee50f.jpg,web_site,38
2f5ba7258ead42a4.jpg,window_shade,23
875ca89843f3551c.jpg,computer_keyboard,150
ca3b6b0a20772645.jpg,coral_fungus,150
a068a8f4bf6a1aec.jpg,pinwheel,64
f04f34dccdc51584.jpg,Great_Dane,150
063ec345da0b4806.jpg,indigo_bunting,29
61c8e35680a43c60.jpg,suit,20
5580cc68078e4210.jpg,matchstick,16
5e4eeb6c4317a491.jpg,matchstick,150
5b20e8c3934bb287.jpg,killer_whale,15
b73821d6f8079cee.jpg,file,19
4bf5ff26d5b8cef3.jpg,African_chameleon,47
54842a4cc8b9876a.jpg,passenger_car,91
22892edb542d47c7.jpg,punching_bag,150
00895c1e749ec841.jpg,doormat,13
71aac90ca3124125.jpg,oxygen_mask,150
48565d50df139ba0.jpg,car_mirror,34
9424fb62d947b423.jpg,wing,20
21a4f3602cb4913b.jpg,otter,15
2d21d302f777efe0.jpg,bow_tie,150
70643cc1adff8be9.jpg,soap_dispenser,150
ea98e26610e4ee62.jpg,parking_meter,42
2412a52183bcc0c1.jpg,sewing_machine,24
ab5d1ca9c3ed76c2.jpg,rock_beauty,150
e5d4cf713bdf0335.jpg,English_setter,19
67148a536290ef10.jpg,dam,150
9f492b009d06aff5.jpg,sundial,82
73480f55bf725a61.jpg,crane,76
d674781d8d229073.jpg,envelope,150
501c883ee548a67c.jpg,castle,32
cae1b6085220e0c4.jpg,junco,21
c7e929306283d2e3.jpg,cup,99
a397166d68954e56.jpg,spiny_lobster,46
491cdedcee1f40e4.jpg,cucumber,36
060871e66b31ee84.jpg,unicycle,150
4690a84e8e55dcef.jpg,bluetick,150
2e255bfeb9fd7206.jpg,sarong,150
095dfa10df4654e0.jpg,pot,57
e9cc013b4333c6cf.jpg,fountain,108
3bb5e5ae5f472fb4.jpg,football_helmet,15
6756450bd8cdd9e4.jpg,Saint_Bernard,14
979c8a3da6ece38f.jpg,balance_beam,61
ff7ce5360fe49a17.jpg,football_helmet,138
86ef3f1ae6db2913.jpg,football_helmet,14
626f228d849afc4f.jpg,book_jacket,150
cb6a70e572e98beb.jpg,bottlecap,42
274305e82600d8db.jpg,jersey,35
1c9a5b9c3cf42d03.jpg,limousine,17
7aec7bec58641c45.jpg,beach_wagon,19
982d325328928024.jpg,goldfish,150
070c30c74b07560b.jpg,mask,39
3938d3d623d4f45b.jpg,macaw,26
10405e4d23c6a1d4.jpg,pajama,39
099699bd122df50d.jpg,grocery_store,87
0c8f4d72577e094f.jpg,yawl,28
f2b004dbb9860d78.jpg,cloak,150
22f8b789a4274a15.jpg,turnstile,43
d94124be8336fa0c.jpg,sports_car,20
5f91cda91b6a87e0.jpg,police_van,71
1550ac9e08b46b8d.jpg,sea_slug,150
24d96cc1e21d161f.jpg,soccer_ball,19
e311e37f66d84987.jpg,dock,74
ed2477da3b2e7eeb.jpg,mask,150
f74f3c703c594776.jpg,fig,26
1c9a5b9c3cf42d03.jpg,limousine,17
c6d8e8a399a2b25c.jpg,banana,15
baf1ab26ca8e9ccc.jpg,sleeping_bag,51
e204b4a67b5a00ec.jpg,car_wheel,25
69353fa7657ff1e6.jpg,street_sign,43
24f026ae951892d5.jpg,sea_cucumber,71
fb653d0bb921bb0d.jpg,ibex,57
a6c497dec5b64016.jpg,knot,64
88b6ac14a696ea4f.jpg,pinwheel,46
72a50745442eeac7.jpg,jellyfish,150
75bc7cc326c64ee2.jpg,cassette,43
645d5386d4ccf49f.jpg,cardoon,13
a3345a29d8ec76f6.jpg,cowboy_boot,13
9f93afb3c0a69cbb.jpg,green_mamba,28
98ee7762e23bf896.jpg,coho,21
a807b3575fa84ad1.jpg,cardoon,42
49fcc0bfec890d22.jpg,water_buffalo,23
b310969a1163b45f.jpg,trimaran,37
2ff51a0fcec50f88.jpg,four-poster,26
b0304e27f864956b.jpg,coral_reef,150
1dd9b4a21acdf6c1.jpg,bubble,86
f091c9afd836187f.jpg,street_sign,150
b0708954b1850f1e.jpg,minivan,74
cf77bf34dbd15f33.jpg,tabby,22
234771a438695092.jpg,monarch,124
fb6f6649b4f1f4f7.jpg,upright,24
f91e19d39f318804.jpg,jellyfish,150
c82c096dfdf167b1.jpg,hoopskirt,34
f31233e68386fa42.jpg,meerkat,26
65d2957356dc08c5.jpg,grasshopper,30
acf96651dd3917cb.jpg,water_buffalo,85
dec5df1d8c425336.jpg,steel_arch_bridge,81
5d79d3c4dc7382e5.jpg,indigo_bunting,150
c974f4df08454137.jpg,balance_beam,28
82f1bd2be57a072c.jpg,jigsaw_puzzle,18
b422ccfcfb207f68.jpg,earthstar,150
b28a062b2e888eb3.jpg,holster,48
fb6c659e361599d3.jpg,dock,138
9fc1ee91675e72b2.jpg,sax,135
627f57e8f934eaba.jpg,toilet_tissue,53
d736da867fb8a0f8.jpg,Polaroid_camera,87
2bdf18ef442244ed.jpg,grille,15
2dc3d6a8b2bbe91d.jpg,daisy,52
a355049be35b7962.jpg,washer,14
63cf2914cd5ab46d.jpg,cash_machine,41
e42bb06994a3ee99.jpg,minivan,20
bde8b868635ff77d.jpg,capuchin,150
60b3c35003cfb3d9.jpg,microwave,28
2ec94d0f6032542c.jpg,ping-pong_ball,59
8de0e472a7195170.jpg,water_bottle,85
89dfcd009815759b.jpg,rock_crab,68
1dcd40584ba42ba4.jpg,kimono,41
006c076c76201e1c.jpg,soup_bowl,150
ce668f36ce6861bc.jpg,sports_car,32
656f43f7f0d1542d.jpg,geyser,150
547132abd37a20cd.jpg,cardoon,150
1ef4500c6c7a1536.jpg,hair_spray,47
b2d4f8660238de69.jpg,pier,47
04851c9cbeba109f.jpg,water_buffalo,17
0339d9cff7ea0af4.jpg,perfume,43
7191792aa5fabee0.jpg,dock,16
0e3f486a1e385904.jpg,miniature_schnauzer,29
79d95968581b21df.jpg,jellyfish,150
e46556ac872c8a36.jpg,sports_car,38
6443df5adaece28e.jpg,beach_wagon,26
e274e2b4846ad669.jpg,pick,106
1a28a311dc84f2c7.jpg,stretcher,150
01b52c6df2119f77.jpg,vending_machine,72
7038b51a40a71772.jpg,binder,22
1f8be9f4e2488c19.jpg,lynx,62
1ed82892a336561f.jpg,sports_car,66
3058c29f09b7034a.jpg,pickup,40
9922a37c3ee1cbe5.jpg,pot,55
804dfdf5ea295f75.jpg,sports_car,27
6039c6b2a8d26df5.jpg,mosquito_net,13
1abbffa600793e32.jpg,academic_gown,52
499e98ebd2515f1d.jpg,airliner,15
e914c63fd4083ec7.jpg,kelpie,21
1c74943b6f40af0f.jpg,beaker,112
e0e2b1a84d6d4d41.jpg,laptop,97
f2a4221e334a629f.jpg,sports_car,63
96fadeb5ed84381f.jpg,zebra,13
750e72dc2f8d3e2f.jpg,cup,111
b45ac888b4490b8e.jpg,theater_curtain,35
799d744bd2d12faa.jpg,paintbrush,150
88a016fa6c02afa8.jpg,diaper,68
fcc399bd2419c518.jpg,wig,90
07444f92cdb8b4c6.jpg,tray,18
f949ee6f037a9024.jpg,bucket,150
14c008b093dbd38a.jpg,gorilla,29
3ea8f7903bdcb067.jpg,television,150
ad26a68fa6e2dea7.jpg,dining_table,150
3838943641cb2639.jpg,aircraft_carrier,63
a841f56245954606.jpg,racer,24
43642b95f572fb26.jpg,washer,15
6e1b87693b213e2f.jpg,fountain,37
8fa3d428bfc292b2.jpg,crutch,148
e06573f3ff6b5c1f.jpg,sports_car,139
57a68aef6ef4dff5.jpg,wreck,31
21fe454fa9a90f94.jpg,sunscreen,29
2b72fe752df24b9c.jpg,beach_wagon,55
cc8a33ed56886439.jpg,hog,35
ec79dfe1948600e6.jpg,microphone,71
2fd57c0748d506b2.jpg,toyshop,30
047f1a572e4069e5.jpg,streetcar,21
524bec4688381d06.jpg,lotion,34
3ea11b55cb51d9a6.jpg,sports_car,125
9f990c42ef8aa4ef.jpg,reflex_camera,22
adb90ed73ee470c4.jpg,jean,50
86f1a0fee6ee15f6.jpg,matchstick,150
92a99c6ae0870a07.jpg,breastplate,87
26a00dfc98808f13.jpg,crutch,150
31e131f9a40b3ca4.jpg,bullet_train,61
8cde05a380f52411.jpg,lab_coat,94
8d487dbc35e485bb.jpg,sports_car,20
4e1a92be80a8d7f6.jpg,cowboy_boot,15
41e127442740b1df.jpg,maypole,14
03df6148237c0bfa.jpg,water_bottle,150
5c17d4f7366ca277.jpg,albatross,36
af41f3ce9ba2019f.jpg,combination_lock,14
3305d7cd7494ade9.jpg,goldfish,34
efda7666c301f4ae.jpg,packet,100
341a91e957376094.jpg,bucket,142
5f073b77fde22df2.jpg,flagpole,18
438c0bbffdfea57e.jpg,mouse,143
2c893e2ca564ad6d.jpg,triceratops,30
ba2d1234356aa905.jpg,beer_glass,56
9e5160657896fa20.jpg,llama,25
56fa8a9b2134605b.jpg,ladybug,150
9556a274ee202aea.jpg,cardoon,20
6cfdf793415b3f1b.jpg,gown,150
fa8f125597b5683a.jpg,sea_urchin,150
49f2147514665f24.jpg,washbasin,32
dd9be16a477e751d.jpg,lemon,22
19f0006cd6bf857a.jpg,coral_reef,150
6ae3d32c23775a65.jpg,prayer_rug,13
16d77ccad0d371e9.jpg,tile_roof,27
b7861fb64c59875f.jpg,peacock,59
e038e7b3b55cb96f.jpg,rifle,150
2d9401e0e632109f.jpg,bucket,59
9cb4dc969e83f0de.jpg,velvet,59
60798b8cb77b6a64.jpg,sports_car,26
53890ab1e897205a.jpg,fiddler_crab,150
49a6600ce34158bb.jpg,ping-pong_ball,66
f167c343a23c127b.jpg,sea_slug,84
77842359f3abcdc6.jpg,cabbage_butterfly,32
195676a96d90152d.jpg,shoe_shop,122
6a1fe72a3212552e.jpg,laptop,53
d70ab57a6bd02274.jpg,disk_brake,90
f4ccf694e5d60311.jpg,sports_car,18
28363c6e6a0afd84.jpg,king_crab,150
12e2a96494dd3e64.jpg,Tibetan_terrier,41
fc9836d6b1bb7108.jpg,parachute,27
4ddb0c6bdebe3e43.jpg,coral_reef,66
59342765a682b874.jpg,rubber_eraser,39
d04321ff682c8114.jpg,parachute,18
fe47bb9eac62bdb4.jpg,pick,46
e83d252856ef98bc.jpg,pot,29
c9ef21d0660c42cc.jpg,coral_reef,150
4119bf60be33a65c.jpg,accordion,20
9020e957e900e4a6.jpg,vase,150
c62db447d9d278f5.jpg,sports_car,73
457dda51e7e16ebd.jpg,warplane,21
5e72506a7a9c396f.jpg,head_cabbage,52
1678bb8be6fd2304.jpg,jaguar,41
287f26ac577ce9d3.jpg,crane,14
37901124c0527d2a.jpg,guacamole,150
b8d8f3662c492fc9.jpg,hair_spray,150
ce2d9614d7e5480d.jpg,minivan,35
6d11f445304c9a88.jpg,magnetic_compass,150
df3391e52115ab8d.jpg,sock,150
2813d243c28538a4.jpg,cock,20
e46916cc34acb74a.jpg,sports_car,29
8468a13e8ca7b844.jpg,chain_mail,13
ddfd60df42f23c60.jpg,barber_chair,105
19aea1131ce9e324.jpg,warplane,15
dd0447cb436f3c31.jpg,whiskey_jug,150
92b7899bd0acc2ad.jpg,bell_cote,92
8b42573dcb6ee0dd.jpg,minivan,20
d368dcd0785d99b7.jpg,warplane,44
585eff8e14da3568.jpg,airship,14
bb4abd3c6782b26b.jpg,maraca,150
1c0e6655e424bc9d.jpg,wool,150
ee712a02b54a7030.jpg,passenger_car,29
a11bf90db5b71008.jpg,computer_keyboard,81
5910d55e7b1bb88a.jpg,envelope,43
f0ef7c30d78d4d7e.jpg,birdhouse,38
f2ead640055421de.jpg,binder,45
aa8ac854ed41e047.jpg,forklift,64
443a9440de14df47.jpg,daisy,149
25c3b4bcbb64752c.jpg,police_van,22
90d9ff81b9c9ec30.jpg,espresso_maker,150
2ab14fe968a00363.jpg,ice_cream,150
8bf0e2cbbba50ca2.jpg,bubble,13
50a913719ae18a20.jpg,water_bottle,150
c1332b4d06b2835b.jpg,killer_whale,150
50783bd007460172.jpg,broccoli,140
775d1d650466698d.jpg,rugby_ball,18
507f30276390b2bb.jpg,rocking_chair,25
972101a1d467dbf4.jpg,sarong,150
045b90e4131c890e.jpg,Model_T,55
2e095fb0419a2b3e.jpg,maillot,20
afef015e501cd25d.jpg,cloak,20
834dfa4e38174a94.jpg,castle,109
46a0dc33d4fd181e.jpg,matchstick,72
bbfde171f6d77de9.jpg,dogsled,77
2172329fc8cdca52.jpg,Great_Pyrenees,31
9c24a9fed8b8ff58.jpg,fiddler_crab,16
d2a709bb396511cd.jpg,wig,64
0caa3c86806615cb.jpg,maraca,53
2023dccbd068364b.jpg,gazelle,86
f2b507e1355e81aa.jpg,minivan,47
781049cad128363f.jpg,dining_table,62
6ee49a1a537d33f1.jpg,ice_bear,122
35d51e05f4ec0df6.jpg,vestment,41
7515d996bfd91b54.jpg,dowitcher,52
0b83ee6f754b476a.jpg,mixing_bowl,150
66bc2f6f149bc511.jpg,sports_car,22
cb6f0a3c613be20e.jpg,wig,27
c054e5f49d2f3001.jpg,carousel,50
983835578c9f6cd6.jpg,bell_pepper,150
9a3e02d2683b9ba6.jpg,abacus,68
6376975a5073cb7a.jpg,comic_book,59
250db2c5941911a8.jpg,sports_car,15
989532067e3483bb.jpg,trolleybus,20
aecb3522e43fbd07.jpg,pot,30
031c316f39517c8a.jpg,kelpie,63
dea20e96f233f9da.jpg,dam,150
22c451b7291b3125.jpg,ballplayer,70
1aff1100f881e7a6.jpg,anemone_fish,24
caf978d0dafff426.jpg,reflex_camera,26
008cc24080b8e215.jpg,sandal,118
9b91308ec11cad9c.jpg,mask,58
8a203882b888ea24.jpg,sports_car,25
2f9625282d1794fe.jpg,jay,150
0121a18398bc7669.jpg,radio_telescope,17
812dd58de874bfc9.jpg,slot,107
977be7ecd337f1bb.jpg,liner,150
316fbb26213c4851.jpg,ice_cream,81
2df9cabac275846b.jpg,maillot,14
99e4e1d2e8e917f5.jpg,car_wheel,116
f23fe7c66112a494.jpg,minivan,150
7dd4ebb1d7fe920c.jpg,sports_car,14
f3e23907318b2fb1.jpg,sports_car,61
545fd00d3ee79d73.jpg,kimono,150
dcf65fffe4125877.jpg,grey_fox,34
ba7daf63304d706c.jpg,pinwheel,90
b21d1e15eeb279b3.jpg,Norwegian_elkhound,19
4513b19977024741.jpg,cup,34
9636c374d4fd1a9d.jpg,recreational_vehicle,23
0d623eeb602617be.jpg,notebook,145
424da963c0744dfe.jpg,microphone,150
56ede6f2a8e50fd0.jpg,volcano,23
949f93422ad3601b.jpg,plane,150
47df0141c648afbb.jpg,suit,92
ea9fce84b79aa21c.jpg,pirate,115
41138715e0b7695e.jpg,turnstile,135
c624d3fcb4c0132d.jpg,lab_coat,31
4de813ee4dbf2ba5.jpg,balance_beam,63
3e24ebf2fe5880b8.jpg,wing,44
f9dad278302c057a.jpg,jay,18
27749e2029d1c1d5.jpg,radio,17
fe28099adc793b28.jpg,bullet_train,14
ac1fc0dfa6835632.jpg,mixing_bowl,51
e7869058dd2d68ae.jpg,trolleybus,61
391f49f584f7d0d7.jpg,golfcart,19
fc2361bed2452418.jpg,wig,77
341a2c51668d588e.jpg,hammer,150
b7178048a03187d6.jpg,miniskirt,150
7c8540c748002cc0.jpg,police_van,106
4c416ba326f389f7.jpg,hammerhead,32
93cdae4060aa9469.jpg,mask,68
85d9484a2ebe1e52.jpg,upright,14
e1d3211545a4e9c5.jpg,scoreboard,78
06817f32820c3280.jpg,grocery_store,29
f21987b5dd372de7.jpg,airship,150
3b1bfd34f28f62de.jpg,cello,121
5cfec64eb10c1888.jpg,sports_car,42
fc34fdbc5f26acd0.jpg,grille,24
1646fefd094bf3f5.jpg,boathouse,98
138a92a78193bb7b.jpg,pickup,37
d4c6d785e2dca193.jpg,cash_machine,19
b5e8ea4ba1c290c3.jpg,ptarmigan,150
18a2842048453a33.jpg,crutch,150
e04b7724f7319907.jpg,balance_beam,16
8a7f0cbe751b2594.jpg,sea_urchin,150
35887d79359c04cf.jpg,kelpie,80
48284a99117e0026.jpg,shopping_cart,17
1cdbe1745ced0f12.jpg,tray,150
51b70f8acdea7b49.jpg,cocker_spaniel,26
2f1c2110df3bfafe.jpg,abacus,150
76c05af389f672f8.jpg,piggy_bank,37
01c8a5b1c31cd6a5.jpg,sports_car,13
3e77c5d2e5f40893.jpg,daisy,123
ab352d44241455fb.jpg,assault_rifle,62
b0f74a0737f01701.jpg,cannon,150
18da1e0ce8158420.jpg,turnstile,49
4da2cd1c194e47ab.jpg,plate,150
84a82d7096a2ea53.jpg,ping-pong_ball,47
ce566440464c478b.jpg,minivan,51
b35f3f0140c7475d.jpg,racer,28
c650f93ab2403ca8.jpg,crane,28
22e30d8637f53665.jpg,lab_coat,135
1610a4214ecb8e8d.jpg,mask,150
fb1e26c86d16de6c.jpg,minivan,33
70f0ac4c3e4a926b.jpg,medicine_chest,150
17a50375a7a9a9c6.jpg,snorkel,62
8eb10e47bea7a53d.jpg,window_screen,32
623187c4b5970eec.jpg,coral_reef,142
4f158e4560241820.jpg,bee,39
5939ba90dd94017f.jpg,whippet,79
047ebacecd412dee.jpg,sports_car,23
acd306be724ea36b.jpg,wallaby,76
e30cda11e8291e9f.jpg,dam,15
810869656a2c4e35.jpg,lacewing,22
5290ddbffc5c7bae.jpg,safe,150
1e4fe257d5797da0.jpg,keeshond,76
fe7e06878186d9fa.jpg,soccer_ball,57
da20312d1cf22903.jpg,diaper,150
1c1f37a952ea15fb.jpg,zucchini,15
d7299010f15566a0.jpg,ping-pong_ball,100
694d2cee8c96bc3a.jpg,wig,144
935027091b243ed9.jpg,studio_couch,20
8cd46c5a7ac26400.jpg,warplane,22
266fda4444ec4f51.jpg,lab_coat,150
0f6bd19582991f43.jpg,pickup,47
1217c356a7ed7d3f.jpg,Bouvier_des_Flandres,136
cafb214ac70410c9.jpg,window_shade,150
b77ecae18c9514c3.jpg,joystick,15
6c434c2c219f5bb1.jpg,Norwegian_elkhound,35
93fdfa85d9eeec16.jpg,drilling_platform,14
c94c02c7eafd0d6a.jpg,coral_reef,97
b3f2ac30e771d099.jpg,sliding_door,72
96e0d234944be7bb.jpg,cab,37
cfac493aa9e7923e.jpg,gown,27
6d8291d4b1023141.jpg,head_cabbage,150
c3c477a368ceeecd.jpg,washbasin,150
8e22d39de670d419.jpg,pole,33
e06686cfc7aeec9f.jpg,desktop_computer,150
ff2d22c68fdbd7ce.jpg,grocery_store,109
e4e9a2a41d1b9349.jpg,racer,27
c89fe74e1cc3ba27.jpg,umbrella,126
f85e447b48ecc509.jpg,football_helmet,84
5ae3c1523daa8f6b.jpg,poncho,74
b1ee6c8ab8dec31c.jpg,beaker,35
94c4d5dcb54495d0.jpg,computer_keyboard,17
f9035db75ea05d8c.jpg,sweatshirt,142
100e638dbf556ae9.jpg,computer_keyboard,81
50f5eadf215a31b6.jpg,triceratops,33
ddd3817d5cfbc496.jpg,tiger_shark,17
30b7d6db8a771840.jpg,hen,77
1be7602226017388.jpg,racer,76
5efea56152cbd008.jpg,vase,31
0e377924129ff28b.jpg,web_site,100
f47157a9f83d43f1.jpg,radio,38
dcb6bb33f95d62a1.jpg,sports_car,32
699d771861a0a105.jpg,grille,25
6e47767c2f50c846.jpg,sleeping_bag,51
824952209908f287.jpg,ballplayer,16
ca87b3dd29354906.jpg,hammerhead,13
a589dffe422e8b00.jpg,puck,39
98ad9cb3427fc55b.jpg,burrito,97
f4bc261c775f9ce1.jpg,streetcar,15
0db3a4908be98445.jpg,cucumber,150
8a1990d1320d54ce.jpg,palace,17
10b33fee9db8ff8d.jpg,sea_slug,43
cc00f7ef8003e9c9.jpg,sports_car,32
d419dc7ec852fd45.jpg,suspension_bridge,113
05a19b260e7d5128.jpg,sports_car,38
4d68719dde7fbf1f.jpg,hard_disc,16
8e8c79db1fda0b50.jpg,odometer,51
7ba17629e658e376.jpg,beach_wagon,16
83407836d1cd0a60.jpg,mixing_bowl,150
a60f298b7fadac78.jpg,bow_tie,129
2205ed820f70e3fe.jpg,ice_lolly,150
e03641582b4d4c58.jpg,sports_car,39
95992783236e0ffa.jpg,water_ouzel,150
2e596ebfd2e5c4db.jpg,balance_beam,73
e177d33b64bc6916.jpg,sarong,150
7ae8a50341aad365.jpg,packet,150
aeba7b85bb39ae31.jpg,coil,23
dc9d2faf97253c6e.jpg,radiator,150
2bd3075ae05cbbff.jpg,shower_cap,48
5d8e95b9b01ee63c.jpg,daisy,31
f0d75814ca6fe272.jpg,spider_web,34
2cf4026f212bf8e4.jpg,candle,69
8fcc01d223dcc529.jpg,go-kart,14
95e6403a01411b43.jpg,web_site,14
f74ef9278c044907.jpg,beer_bottle,45
69d9df0defa9a4ae.jpg,bullet_train,71
aafc47d43cb77d40.jpg,plastic_bag,55
8d29ecdb27c8ca9a.jpg,sea_urchin,150
d0a36194c1c337ff.jpg,jigsaw_puzzle,30
7bee1eb63ee0cee8.jpg,warplane,34
8da35350fb54cd1b.jpg,racer,40
6758af9b3a431c83.jpg,ice_cream,150
a5cde9d0b0010827.jpg,chain,74
d53e533b61ebd078.jpg,bib,50
b1d9b9aec812761e.jpg,rule,13
c800b38172191310.jpg,bath_towel,19
e81e9162ea7b16ac.jpg,buckeye,97
b93ba82a0dcb0fb5.jpg,porcupine,16
148163d5ed66c65e.jpg,bow_tie,150
cb83c04c542b8fa4.jpg,reel,34
5c1766adaaedb914.jpg,Loafer,27
daa26d3723373344.jpg,rugby_ball,20
6af9174b927ca0de.jpg,hip,104
e58026ab32ce8430.jpg,starfish,13
688edd921a5fa5f1.jpg,indigo_bunting,15
d96f54250ff226f3.jpg,hoopskirt,97
7304725710401acb.jpg,toyshop,127
2e5536d986ec39c9.jpg,cabbage_butterfly,79
3bc06a4c8021ab05.jpg,beach_wagon,17
63b50428c6aebacd.jpg,candle,18
aac1be79ce459945.jpg,picket_fence,129
858025cc0df7fe1b.jpg,Windsor_tie,72
df708e6caf66a2b2.jpg,Weimaraner,29
be92a8d4db146f20.jpg,pier,41
c35e597f9414e59c.jpg,convertible,27
0b384b0490217dd9.jpg,American_Staffordshire_terrier,81
d376922ee51033a4.jpg,pickup,15
70b5c729686aa098.jpg,bathing_cap,150
ea3c9255869a6caf.jpg,cab,65
bc6993ce1ec99d60.jpg,coffee_mug,16
6f278aec6a3b147c.jpg,bathing_cap,129
88a8755eeae951c1.jpg,crane,28
074e674c68f2e1c6.jpg,beagle,26
a4eaefc0419331c1.jpg,paintbrush,67
008f009f3c83b480.jpg,sports_car,23
87cbff866e3f1ca8.jpg,sax,15
f77375686f40230a.jpg,barrel,29
fb66d56498ecbfe8.jpg,switch,150
7f4f4bf627023853.jpg,pomegranate,150
9a28a55a40c1e0d2.jpg,mashed_potato,95
26979133ffa89394.jpg,bullet_train,32
f54bdad24b1c00a3.jpg,projector,46
e094a7b9b92f073f.jpg,window_screen,21
392237f96226c5e4.jpg,stone_wall,28
d07d128e1cadeb56.jpg,reflex_camera,14
2606f616111ba308.jpg,basketball,21
9f3f536e251b7a44.jpg,sarong,150
f0c24a73a643284d.jpg,paper_towel,34
58046a0e372ce2fa.jpg,tile_roof,19
3e229812c1c9cc9d.jpg,beach_wagon,37
66b08bc7ca564b02.jpg,pole,14
ba08d2eaf46ce0c5.jpg,beach_wagon,93
e95de982a3971386.jpg,pot,54
9423154624d0b6ad.jpg,sunscreen,21
4e6cb5d43a36a8e0.jpg,web_site,61
db40b74abd683fa3.jpg,warplane,23
23121265aff341e1.jpg,plate,150
a3fb1b22ab4c1094.jpg,geyser,52
9f3f536e251b7a44.jpg,sarong,150
671dfeb819e0af00.jpg,whippet,71
315d479f30cebdbc.jpg,Siberian_husky,36
03c1d088165dd456.jpg,matchstick,34
39412932bb0e0eff.jpg,CD_player,40
5451e8d4f723941f.jpg,banana,13
1bfe863eba2adb30.jpg,bittern,150
cab8687669c26f61.jpg,toilet_tissue,55
474eeca95b61a700.jpg,parachute,26
97595318a9daaf15.jpg,convertible,31
6641e24572d3e796.jpg,bobsled,96
dbbea5c459429800.jpg,African_hunting_dog,15
62ce259676eee641.jpg,English_springer,17
7af8bd036889ff9e.jpg,Eskimo_dog,59
f0e47cd24f5faebd.jpg,albatross,68
b56221ecd14b4c3b.jpg,racket,52
0c8e9d2bb0a040b7.jpg,sea_urchin,150
3305d7cd7494ade9.jpg,goldfish,44
7f506a9f2dbf7c9b.jpg,Petri_dish,102
763d37d5ebdbb57e.jpg,burrito,150
4309a90748458320.jpg,bathing_cap,39
35ce1cbe20beef8a.jpg,ballplayer,23
3268431ea960dbc8.jpg,backpack,107
0cfac6405c93fb8e.jpg,Labrador_retriever,39
23c3a6021a59244d.jpg,maillot,140
af4524d626875dd1.jpg,grocery_store,86
2af4c1bc5022c428.jpg,sports_car,43
4e9dd61a1e4cc244.jpg,pirate,23
d511800003822d28.jpg,beach_wagon,31
050c33f7d251cfdd.jpg,loudspeaker,36
dbb8e6b2e7aa1a91.jpg,parachute,73
4a3875dcb8f79364.jpg,ocarina,21
48b7c3b54036e533.jpg,packet,54
d224500bae12ca3d.jpg,coral_fungus,150
06d95c03e3c1e20f.jpg,shoe_shop,61
b7e456590bff763a.jpg,car_wheel,52
4d2a58389bc580d4.jpg,snail,150
355dc6cc157c10a1.jpg,book_jacket,150
02a9c2709448d6ab.jpg,television,150
183a7fce7a9bbb97.jpg,monarch,150
f9bee85af8925ef2.jpg,ballpoint,150
f806f98af1f2a991.jpg,dung_beetle,50
8a55aec9a41d738a.jpg,sarong,150
a71d8b0d27b40ae3.jpg,minivan,24
0990de55a09b900e.jpg,mountain_tent,150
6c7079e9b08f498a.jpg,warplane,31
afe6eb2f6c11f6c0.jpg,wallet,96
a2cc2bfbf852aece.jpg,suspension_bridge,26
096c1aa2a76cde2c.jpg,racer,18
84961dc8811f34d9.jpg,assault_rifle,150
9c7777bf3ef2cfbd.jpg,sports_car,17
9b567d10ae02ac78.jpg,Border_collie,150
f899d73cafbe2260.jpg,racer,23
d8df724c830b8902.jpg,snowplow,150
93488d00705731d4.jpg,horizontal_bar,107
7ffaca9685d941e1.jpg,hippopotamus,17
e01cd201ad07ef98.jpg,cinema,64
e6d835c20faca80b.jpg,football_helmet,150
a5ba6a02d29420c7.jpg,soup_bowl,34
e2d5301ae48da636.jpg,rubber_eraser,150
9af6355daab85870.jpg,nail,150
acad3e3993de6377.jpg,sleeping_bag,114
cbdd5aea7ca153d0.jpg,black_grouse,150
f8ea242e49a0b150.jpg,golf_ball,150
5749bc49945b5580.jpg,volleyball,38
acdba7e84c46a1e2.jpg,pickup,20
9f843e16cd2957d0.jpg,cellular_telephone,28
92d0c901a03da071.jpg,trolleybus,21
aba4641b4af9331f.jpg,flute,150
4078114019cef857.jpg,minivan,18
88d0450f61d32fca.jpg,miniskirt,150
b10e26b295469279.jpg,jellyfish,102
a2123a270c77b555.jpg,minivan,53
8ede95dbe2cf0ff9.jpg,tractor,70
2697312f27e440a9.jpg,rhinoceros_beetle,17
358574370432cc12.jpg,sports_car,125
